{
      "cmd": "!cmd",
      "cmd_status": 1,
      "cmd_delay": "10",
      "cmd_last": 0,
      "cmd_response": "",
      "cmd_perm": "spec",
      "dice": "!dado",
      "dice_status": 1,
      "dice_delay": "10",
      "dice_last": 0,
      "dice_response": "O dado foi jogado e parou no {value}",
      "dice_perm": "spec",
      "random": "!random",
      "random_status": 1,
      "random_delay": "10",
      "random_last": 1674704525,
      "random_response": "O valor escolhido entre 0 e 100 foi {value}",
      "random_perm": "spec",
      "uptime": "!uptime",
      "uptime_status": 1,
      "uptime_delay": "10",
      "uptime_last": 0,
      "uptime_response": "{user} --> A live já está rolando á {h} Hora(s) {m} Minuto(s)",
      "uptime_perm": "spec",
      "game": "!game",
      "game_status": 1,
      "game_delay": "10",
      "game_last": 0,
      "game_response": "O jogo é {game}",
      "game_perm": "spec",
      "msgcount": "!msgcount",
      "msgcount_status": 0,
      "msgcount_delay": "10",
      "msgcount_last": 0,
      "msgcount_response": "{user} --> Você já enviou {count} mensagens no chat",
      "msgcount_perm": "spec",
      "watchtime": "!watchtime",
      "watchtime_status": 0,
      "watchtime_delay": "10",
      "watchtime_last": 0,
      "watchtime_response": "{user} --> Você já assistiu {streamer} á {d} dia(s) {h} hora(s) {m} minuto(s)",
      "watchtime_perm": "spec",
      "accountage": "!accountage",
      "accountage_status": 0,
      "accountage_delay": "10",
      "accountage_last": 0,
      "accountage_response": "{user} --> Conta criada há {year} anos, {month} meses, {day} dias, {hour} horas e {minute} minutos.",
      "accountage_perm": "spec",
      "followage": "!followage",
      "followage_status": 1,
      "followage_delay": "10",
      "followage_last": 0,
      "followage_response": "{user} --> Você já segue o {streamer} á {d} dia(s) {h} hora(s) {m} minuto(s)",
      "followage_perm": "spec",
      "interaction_1": "!beijo",
      "interaction_1_status": 1,
      "interaction_1_delay": "10",
      "interaction_1_last": 0,
      "interaction_1_response": "{user_1} deu um beijo em {user_2}",
      "interaction_1_perm": "subs",
      "interaction_2": "!abraço",
      "interaction_2_status": 1,
      "interaction_2_delay": "10",
      "interaction_2_last": 1674575193,
      "interaction_2_response": "{user_1} Abraçou {user_2}",
      "interaction_2_perm": "spec",
      "interaction_3": "!tapa",
      "interaction_3_status": 1,
      "interaction_3_delay": "10",
      "interaction_3_last": 0,
      "interaction_3_response": "{user_1} deu um tapa em {user_2}",
      "interaction_3_perm": "spec",
      "interaction_4": "!voadora",
      "interaction_4_status": 1,
      "interaction_4_delay": "10",
      "interaction_4_last": 0,
      "interaction_4_response": "{user_1} deu uma voadora em {user_2}",
      "interaction_4_perm": "spec",
      "interaction_5": "!socão",
      "interaction_5_status": 1,
      "interaction_5_delay": "10",
      "interaction_5_last": 0,
      "interaction_5_response": "{user_1} deu um socão em {user_2}",
      "interaction_5_perm": "spec",
      "create_last": 1677772878
}