{
      "cmd": {
          "command": "!cmd",
          "status": 1,
          "delay": "10",
          "last_use": 0,
          "response": "",
          "user_level": "spec"
      },
      "dice": {
          "command": "!dado",
          "status": 1,
          "delay": "10",
          "last_use": 0,
          "response": "O dado foi jogado e parou no {value}",
          "user_level": "spec"
      },
      "random": {
          "command": "!random",
          "status": 1,
          "delay": "10",
          "last_use": 1674704525,
          "response": "O valor escolhido entre 0 e 100 foi {value}",
          "user_level": "spec"
      },
      "uptime": {
          "command": "!uptime",
          "status": 1,
          "delay": "10",
          "last_use": 0,
          "response": "{user} --> A live já está rolando á {h} Hora(s) {m} Minuto(s)",
          "user_level": "spec"
      },
      "game": {
          "command": "!game",
          "status": 1,
          "delay": "10",
          "last_use": 0,
          "response": "O jogo é {game}",
          "user_level": "spec"
      },
      "msgcount": {
          "command": "!msgcount",
          "status": 0,
          "delay": "10",
          "last_use": 0,
          "response": "{user} --> Você já enviou {count} mensagens no chat",
          "user_level": "spec"
      },
      "watchtime": {
          "command": "!watchtime",
          "status": 0,
          "delay": "10",
          "last_use": 0,
          "response": "{user} --> Você já assistiu {streamer} á {d} dia(s) {h} hora(s) {m} minuto(s)",
          "user_level": "spec"
      },
      "accountage": {
          "command": "!accountage",
          "status": 0,
          "delay": "10",
          "last_use": 0,
          "response": "{user} --> Conta criada há {year} anos, {month} meses, {day} dias, {hour} horas e {minute} minutos.",
          "user_level": "spec"
      },
      "followage": {
          "command": "!followage",
          "status": 1,
          "delay": "10",
          "last_use": 0,
          "response": "{user} --> Você já segue o {streamer} á {d} dia(s) {h} hora(s) {m} minuto(s)",
          "user_level": "spec"
      },
      "interaction_1": {
          "command": "!beijo",
          "status": 1,
          "delay": "10",
          "last_use": 0,
          "response": "{user_1} deu um beijo em {user_2}",
          "user_level": "subs"
      },
      "interaction_2": {
          "command": "!abraço",
          "status": 1,
          "delay": "10",
          "last_use": 1674575193,
          "response": "{user_1} Abraçou {user_2}",
          "user_level": "spec"
      },
      "interaction_3": {
          "command": "!tapa",
          "status": 1,
          "delay": "10",
          "last_use": 0,
          "response": "{user_1} deu um tapa em {user_2}",
          "user_level": "spec"
      },
      "interaction_4": {
          "command": "!voadora",
          "status": 1,
          "delay": "10",
          "last_use": 0,
          "response": "{user_1} deu uma voadora em {user_2}",
          "user_level": "spec"
      },
      "interaction_5": {
          "command": "!socão",
          "status": 1,
          "delay": "10",
          "last_use": 0,
          "response": "{user_1} deu um socão em {user_2}",
          "user_level": "spec"
      },
      "title": {
          "command": "!!title",
          "status": 1,
          "delay": "10",
          "last_use": 0,
          "response": "/me {username} --> o titulo da live foi alterado para = {sufix}",
          "user_level": "mod"
      },
      "setgame": {
          "command": "!!setgame",
          "status": 1,
          "delay": "10",
          "last_use": 0,
          "response": "/me {username} --> O jogo da live foi alterado para = {game_name}",
          "user_level": "mod"
      }
  }