{
      "profile_status" : 1,
      "profile_image" : "None",
      "profile_name" : "None",
      "live_start": {
            "url": "",
            "status": 1,
            "color": "03b2f8",
            "content": "",
            "title": "O streamer iniciou uma live",
            "description": "{url}"
      },
      "live_cat": {
            "url": "",
            "status": 1,
            "color": "03b2f8",
            "content": "",
            "title": "O streamer alterou a categoria e/ou titulo da live",
            "description": "{url}"
      },
      "live_end": {
            "url": "",
            "status": 1,
            "color": "03b2f8",
            "content": "",
            "title": "O streamer finalizou a live",
            "description": ""
      },
      "follow": {
            "url": "",
            "status": 1,
            "color": "03b2f8",
            "content": "",
            "title": "O usuário {username} deu follow no canal",
            "description": "O usuário {username} deu follow no canal"
      },
      "sub": {
            "url": "",
            "status": 1,
            "color": "03b2f8",
            "content": "Teste",
            "title": "O usuário {username} virou sub no canal",
            "description": "Teste"
      },
      "giftsub": {
            "url": "",
            "status": 1,
            "color": "03b2f8",
            "content": "",
            "title": "O usuário {username} enviou {total} GiftSub(s) para a comunidade",
            "description": ""
      },
      "mysterygift": {
            "url": "",
            "status": 1,
            "color": "03b2f8",
            "content": "",
            "title": "{username} Presenteou a comunidade com {count} inscrição(ões)",
            "description": ""
      },
      "re-mysterygift": {
            "url": "",
            "status": 1,
            "color": "03b2f8",
            "content": "",
            "title": "{username} Renovou o sub que recebeu de presente !! ",
            "description": ""
      },
      "resub": {
            "url": "",
            "status": 1,
            "color": "03b2f8",
            "content": "",
            "title": "O usuário {username} se re-inscreveu no canal",
            "description": ""
      },
      "subend": {
            "url": "",
            "status": 1,
            "color": "03b2f8",
            "content": "",
            "title": "Fim do sub de {username}",
            "description": ""
      },
      "raid": {
            "url": "",
            "status": 1,
            "color": "03b2f8",
            "content": "",
            "title": "O Streamer {username} invadiu o canal e trouxe {specs} com ele.",
            "description": ""
      },
      "clips_create": {
            "url": "",
            "status": 1,
            "color": "03b2f8",
            "content": "",
            "title": "Um novo clip foi criado, confira {url}",
            "description": "{url}"
      },
      "clips_edit": {
            "url": "",
            "status": 1,
            "color": "03b2f8",
            "content": "",
            "title": "Um novo clip foi criado, confira {url}",
            "description": "{url}"
      },
      "poll_start": {
            "url": "",
            "status": 1,
            "color": "03b2f8",
            "content": "",
            "title": "Uma nova enquete foi iniciada",
            "description": "Vá até o canal e vote o quanto antes"
      },
      "poll_status": {
            "url": "",
            "status": 1,
            "color": "03b2f8",
            "content": "",
            "title": "O status da enquete foi atualizado",
            "description": "Vá até o canal e vote o quanto antes"
      },
      "poll_end": {
            "url": "",
            "status": 1,
            "color": "03b2f8",
            "content": "",
            "title": "Uma enquete foi finalizada",
            "description": "Vá até o canal e vote o quanto antes"
      },
      "prediction_start": {
            "url": "",
            "status": 1,
            "color": "03b2f8",
            "content": "",
            "title": "Um novo palpite foi iniciado",
            "description": "Vá até o canal e vote o quanto antes"
      },
      "prediction_progress": {
            "url": "",
            "status": 1,
            "color": "03b2f8",
            "content": "",
            "title": "O status do palpite foi atualizado",
            "description": "Vá até o canal e vote o quanto antes"
      },
      "prediction_end": {
            "url": "",
            "status": 1,
            "color": "03b2f8",
            "content": "",
            "title": "Um palpite foi finalizado",
            "description": "Vá até o canal e vote o quanto antes"
      },
      "ban": {
            "url": "",
            "status": 1,
            "color": "03b2f8",
            "content": "",
            "title": "O usuário {username} foi banido por tempo {time} pelo(a) {moderator}, motivo {reason} ",
            "description": ""
      },
      "unban": {
            "url": "",
            "status": 1,
            "color": "03b2f8",
            "content": "",
            "title": "O usuário {username} foi desbanido pelo(a) {moderator}",
            "description": ""
      },
      "goal_start": {
            "url": "",
            "status": 1,
            "color": "03b2f8",
            "content": "",
            "title": "Uma meta para {current}/{target} {type} foi iniciada. ",
            "description": ""
      },
      "goal_progress": {
            "url": "",
            "status": 1,
            "color": "03b2f8",
            "content": "",
            "title": "Uma meta para {current}/{target} {type} foi atualizada. ",
            "description": ""
      },
      "goal_end": {
            "url": "",
            "status": 1,
            "color": "03b2f8",
            "content": "",
            "title": "A meta para {current}/{target }{type} foi finalizada.",
            "description": ""
      },
      "bits": {
            "url": "",
            "status": 1,
            "color": "03b2f8",
            "content": "",
            "title": "O usuário {username} enviou {bits} pro canal !!!",
            "description": ""
      },
      "shoutout_start": {
            "url": "",
            "status": 1,
            "color": "03b2f8",
            "content": "",
            "title": "O moderador {moderator} enviou um ShotOut para o canal {to_broadcaster} com {viewer_count} specs assistindo a live agora !!!",
            "description": ""
      },
      "shoutout_receive": {
            "url": "",
            "status": 1,
            "color": "03b2f8",
            "content": "",
            "title": "O streamer {from_broadcaster} enviou um ShoTout pro canal !!!",
            "description": ""
      },
      "shield_start": {
            "url": "",
            "status": 1,
            "color": "03b2f8",
            "content": "",
            "title": "O moderador {moderator} ativou o modo escudo",
            "description": ""
      },
      "shield_end": {
            "url": "",
            "status": 1,
            "color": "03b2f8",
            "content": "",
            "title": "O moderador {moderator} desativou o modo escudo",
            "description": ""
      }
}