
{   

    "force_verify" : "true",
    "response_type" : "token",
    "redirect" : "http://localhost:5555",
    "url": "https://id.twitch.tv/",
    "debug" : 0,
    "scopes" :[
        "moderator:read:followers",
        "analytics:read:extensions",
        "analytics:read:games",
        "bits:read",
        "channel:moderate",
        "channel:edit:commercial",
        "channel:manage:broadcast",
        "channel:manage:extensions",
        "channel:manage:moderators",
        "channel:manage:polls",
        "channel:manage:predictions",
        "channel:manage:raids",
        "channel:manage:redemptions",
        "channel:manage:schedule",
        "channel:manage:videos",
        "channel:read:editors",
        "channel:read:goals",
        "channel:read:hype_train",
        "channel:read:polls",
        "channel:read:predictions",
        "channel:read:redemptions",
        "channel:read:stream_key",
        "channel:read:subscriptions",
        "channel:read:vips",
        "channel:manage:vips",
        "clips:edit",
        "moderation:read",
        "moderator:manage:announcements",
        "moderator:manage:automod",
        "moderator:read:automod_settings",
        "moderator:manage:automod_settings",
        "moderator:manage:banned_users",
        "moderator:manage:chat_messages",
        "moderator:read:chat_settings",
        "moderator:manage:chat_settings",
        "user:edit",
        "user:edit:follows",
        "user:manage:blocked_users",
        "user:read:blocked_users",
        "user:read:broadcast",
        "user:manage:chat_color",
        "user:read:email",
        "user:read:follows",
        "user:read:subscriptions",
        "user:manage:whispers",
        "chat:edit",
        "chat:read",
        "whispers:read",
        "whispers:edit"
    ]
}
